{
  "backprop" : true,
  "backpropType" : "Standard",
  "confs" : [ {
    "extraArgs" : [ ],
    "l1ByParam" : {
      "b" : 0.0,
      "RW" : 0.001,
      "W" : 0.001
    },
    "l2ByParam" : {
      "b" : 0.0,
      "RW" : 0.0,
      "W" : 0.0
    },
    "layer" : {
      "gravesLSTM" : {
        "activationFunction" : "tanh",
        "adamMeanDecay" : "NaN",
        "adamVarDecay" : "NaN",
        "biasInit" : 0.0,
        "biasL1" : 0.0,
        "biasL2" : 0.0,
        "biasLearningRate" : 0.02,
        "dist" : {
          "uniform" : {
            "lower" : -0.08,
            "upper" : 0.08
          }
        },
        "dropOut" : 0.0,
        "epsilon" : "NaN",
        "forgetGateBiasInit" : 1.0,
        "gradientNormalization" : "None",
        "gradientNormalizationThreshold" : 1.0,
        "l1" : 0.001,
        "l2" : 0.0,
        "layerName" : null,
        "learningRate" : 0.02,
        "learningRateSchedule" : null,
        "momentum" : "NaN",
        "momentumSchedule" : null,
        "nin" : 53,
        "nout" : 100,
        "rho" : "NaN",
        "rmsDecay" : 0.95,
        "updater" : "RMSPROP",
        "weightInit" : "DISTRIBUTION"
      }
    },
    "leakyreluAlpha" : 0.0,
    "learningRateByParam" : {
      "b" : 0.02,
      "RW" : 0.02,
      "W" : 0.02
    },
    "learningRatePolicy" : "None",
    "lrPolicyDecayRate" : "NaN",
    "lrPolicyPower" : "NaN",
    "lrPolicySteps" : "NaN",
    "maxNumLineSearchIterations" : 5,
    "miniBatch" : true,
    "minimize" : true,
    "numIterations" : 1,
    "optimizationAlgo" : "STOCHASTIC_GRADIENT_DESCENT",
    "pretrain" : false,
    "seed" : 12345,
    "stepFunction" : null,
    "useDropConnect" : false,
    "useRegularization" : true,
    "variables" : [ "W", "RW", "b" ]
  }, {
    "extraArgs" : [ ],
    "l1ByParam" : {
      "b" : 0.0,
      "RW" : 0.001,
      "W" : 0.001
    },
    "l2ByParam" : {
      "b" : 0.0,
      "RW" : 0.0,
      "W" : 0.0
    },
    "layer" : {
      "gravesLSTM" : {
        "activationFunction" : "tanh",
        "adamMeanDecay" : "NaN",
        "adamVarDecay" : "NaN",
        "biasInit" : 0.0,
        "biasL1" : 0.0,
        "biasL2" : 0.0,
        "biasLearningRate" : 0.02,
        "dist" : {
          "uniform" : {
            "lower" : -0.08,
            "upper" : 0.08
          }
        },
        "dropOut" : 0.0,
        "epsilon" : "NaN",
        "forgetGateBiasInit" : 1.0,
        "gradientNormalization" : "None",
        "gradientNormalizationThreshold" : 1.0,
        "l1" : 0.001,
        "l2" : 0.0,
        "layerName" : null,
        "learningRate" : 0.02,
        "learningRateSchedule" : null,
        "momentum" : "NaN",
        "momentumSchedule" : null,
        "nin" : 100,
        "nout" : 100,
        "rho" : "NaN",
        "rmsDecay" : 0.95,
        "updater" : "RMSPROP",
        "weightInit" : "DISTRIBUTION"
      }
    },
    "leakyreluAlpha" : 0.0,
    "learningRateByParam" : {
      "b" : 0.02,
      "RW" : 0.02,
      "W" : 0.02
    },
    "learningRatePolicy" : "None",
    "lrPolicyDecayRate" : "NaN",
    "lrPolicyPower" : "NaN",
    "lrPolicySteps" : "NaN",
    "maxNumLineSearchIterations" : 5,
    "miniBatch" : true,
    "minimize" : true,
    "numIterations" : 1,
    "optimizationAlgo" : "STOCHASTIC_GRADIENT_DESCENT",
    "pretrain" : false,
    "seed" : 12345,
    "stepFunction" : null,
    "useDropConnect" : false,
    "useRegularization" : true,
    "variables" : [ "W", "RW", "b" ]
  }, {
    "extraArgs" : [ ],
    "l1ByParam" : {
      "b" : 0.0,
      "W" : 0.001
    },
    "l2ByParam" : {
      "b" : 0.0,
      "W" : 0.0
    },
    "layer" : {
      "rnnoutput" : {
        "activationFunction" : "softmax",
        "adamMeanDecay" : "NaN",
        "adamVarDecay" : "NaN",
        "biasInit" : 0.0,
        "biasL1" : 0.0,
        "biasL2" : 0.0,
        "biasLearningRate" : 0.02,
        "dist" : {
          "uniform" : {
            "lower" : -0.08,
            "upper" : 0.08
          }
        },
        "dropOut" : 0.0,
        "epsilon" : "NaN",
        "gradientNormalization" : "None",
        "gradientNormalizationThreshold" : 1.0,
        "l1" : 0.001,
        "l2" : 0.0,
        "layerName" : null,
        "learningRate" : 0.02,
        "learningRateSchedule" : null,
        "lossFn" : {
          "MCXENT" : { }
        },
        "lossFunction" : "MCXENT",
        "momentum" : "NaN",
        "momentumSchedule" : null,
        "nin" : 100,
        "nout" : 53,
        "rho" : "NaN",
        "rmsDecay" : 0.95,
        "updater" : "RMSPROP",
        "weightInit" : "DISTRIBUTION"
      }
    },
    "leakyreluAlpha" : 0.0,
    "learningRateByParam" : {
      "b" : 0.02,
      "W" : 0.02
    },
    "learningRatePolicy" : "None",
    "lrPolicyDecayRate" : "NaN",
    "lrPolicyPower" : "NaN",
    "lrPolicySteps" : "NaN",
    "maxNumLineSearchIterations" : 5,
    "miniBatch" : true,
    "minimize" : true,
    "numIterations" : 1,
    "optimizationAlgo" : "STOCHASTIC_GRADIENT_DESCENT",
    "pretrain" : false,
    "seed" : 12345,
    "stepFunction" : null,
    "useDropConnect" : false,
    "useRegularization" : true,
    "variables" : [ "W", "b" ]
  } ],
  "inputPreProcessors" : { },
  "pretrain" : false,
  "tbpttBackLength" : 20,
  "tbpttFwdLength" : 20
}